fiscal_year,milk_000t,beef_000t,mutton_000t,poultry_meat_000t,wool_000t,hair_000t,bones_000t,fats_000t,blood_000t,eggs_million,hides_million,skins_million
2010-11,37475,1711,616,767,42.5,23.2,735.1,234.8,58.3,12857,13.5,48.5
2011-12,38617,1769,629,834,43.0,23.8,757.5,241.7,59.8,13114,13.9,49.6
2012-13,39855,1829,643,907,43.6,24.4,780.5,248.8,61.3,13813,14.4,50.7
2013-14,41133,1887,657,987,44.1,25.1,802.9,255.8,62.8,14556,14.9,51.9
2014-15,42454,1951,671,1074,44.6,25.8,827.2,263.3,64.4,15346,15.4,53.1
2015-16,43818,2017,686,1170,45.1,26.5,852.3,271.0,66.1,16188,15.9,54.3
2016-17,45227,2085,701,1276,45.7,27.2,878.2,279.0,67.8,17083,16.4,55.5
2017-18,46682,2155,717,1391,46.2,27.9,904.9,287.3,69.5,18037,17.0,56.8
2018-19,48185,2227,732,1518,46.8,28.6,932.5,295.8,71.3,19052,17.5,58.1
2019-20,49737,2303,748,1657,47.3,29.4,961.0,304.5,73.1,20133,18.1,59.5
2020-21,51340,2380,765,1809,47.9,30.2,990.3,313.6,75.0,21285,18.8,60.8
2021-22,52996,2461,782,1977,48.4,31.0,1020.7,322.9,77.0,22512,19.4,62.3
2022-23,54707,2544,799,2160,49.0,31.8,1052.0,332.5,79.0,23819,20.0,63.7
2023-24,56474,2630,817,2362,49.6,32.7,1063.0,335.8,80.4,25212,20.1,65.1
2024-25,58300,2548,835,2583,50.2,33.6,1095.5,345.8,82.5,26696,20.7,66.7
2025-26,60185,2634,854,2826,50.8,34.5,1129.1,356.1,84.6,28279,21.4,68.3
