fiscal_year,buffalo_million,cattle_million,goat_million,sheep_million,poultry_million,camels_million,asses_million,horses_million,mules_million
2010-11,31.7,35.6,61.5,28.1,663,1.0,4.7,0.4,0.2
2011-12,32.7,36.9,63.1,28.4,721,1.0,4.8,0.4,0.2
2012-13,33.7,38.3,64.9,28.8,785,1.0,4.9,0.4,0.2
2013-14,34.6,39.7,66.6,29.1,855,1.0,4.9,0.4,0.2
2014-15,35.6,41.2,68.4,29.4,932,1.0,5.0,0.4,0.2
2015-16,36.6,42.8,70.3,29.8,1016,1.0,5.1,0.4,0.2
2016-17,37.7,44.4,72.2,30.1,1108,1.1,5.2,0.4,0.2
2017-18,38.8,46.1,74.1,30.5,1210,1.1,5.3,0.4,0.2
2018-19,40.0,47.8,76.1,30.9,1321,1.1,5.4,0.4,0.2
2019-20,41.2,49.6,78.2,31.2,1443,1.1,5.5,0.4,0.2
2020-21,42.4,51.5,80.3,31.6,1578,1.1,5.6,0.4,0.2
2021-22,43.7,53.4,82.5,31.9,1725,1.1,5.7,0.4,0.2
2022-23,45.0,55.5,84.7,32.3,1887,1.1,5.8,0.4,0.2
2023-24,46.3,57.5,87.0,32.7,2065,1.2,5.9,0.4,0.2
2024-25,47.7,59.7,89.4,33.1,2260,1.2,6.0,0.4,0.2
2025-26,49.1,62.0,91.8,33.5,2474,1.2,6.2,0.4,0.2
