Fiscal Year,Wheat,Rice,Bajra,Jowar,Maize,Barley,Total Food Grains,Gram,Sugar-cane,Rapeseed and Mustard,Sesamum,Cotton (000 tonnes),Cotton (000 Bales),Tobacco
2010-11,25214,4823,346,141,3707,71,34302,496,55309,188,31,1949,11460,103
2011-12,23473,6160,304,137,4338,66,34478,284,58397,164,30,2310,13595,98
2012-13,24211,5536,311,123,4220,67,34468,751,63750,205,29,2214,13031,108
2013-14,25979,6798,301,119,4944,67,38208,399,67460,203,32,2170,12769,130
2014-15,25086,7003,294,115,4937,63,37498,379,62826,196,33,2372,13960,120
2015-16,25633,6801,300,161,5271,61,38227,286,65482,185,32,1688,9917,116
2016-17,26674,6849,305,148,6134,58,40168,330,75482,181,34,1815,10671,100
2017-18,25076,7450,339,153,5902,55,38975,323,83333,225,35,2032,11946,107
2018-19,24349,7202,350,149,6826,55,38931,447,67174,302,36,1677,9861,104
2019-20,25248,7414,384,120,7883,48,41097,498,66380,488,64,1556,9148,133
2020-21,27464,8420,266,96,8940,42,45228,234,81009,296,102,1202,7064,168
2021-22,26209,9323,226,64,9525,38,45385,316,88651,402,128,1417,8329,134
2022-23,28161,7322,256,49,10985,44,46817,244,87981,673,152,835,4910,152
2023-24,31814,9859,294,39,9739,43,51788,209,87638,389,301,1739,10223,186
2024-25,28396,9723,252,38,9037,45,47491,172,84239,521,436,1205,7084,238
2025-26 P,29605,9998,270,33,8794,42,48742,259,89450,521,296,1200,7052,238
