Fiscal Year,Wheat,Rice,Bajra,Jowar,Maize,Barley,Total Food Grains,Gram,Sugarcane,Rapeseed & Mustard,Sesamum,Cotton,Tobacco
2010-11,8901,2365,548,229,974,77,13094,1054,988,212,78,2689,51
2011-12,8650,2571,458,214,1087,72,13052,1008,1058,201,76,2835,46
2012-13,8660,2309,461,198,1060,73,12761,992,1129,224,71,2879,50
2013-14,9199,2789,475,198,1168,71,13900,950,1173,220,82,2806,49
2014-15,9204,2891,462,195,1142,68,13962,943,1141,214,83,2961,54
2015-16,9224,2739,486,274,1191,66,13980,940,1131,201,79,2902,53
2016-17,8972,2724,469,256,1348,61,13830,971,1218,190,80,2489,47
2017-18,8797,2901,489,255,1251,58,13751,977,1342,199,83,2700,46
2018-19,8678,2810,456,241,1374,57,13616,943,1102,237,83,2373,45
2019-20,8805,3034,522,199,1404,49,14013,944,1040,353,139,2517,51
2020-21,9168,3335,350,126,1418,42,14439,883,1165,224,170,2079,55
2021-22,8977,3537,227,77,1653,38,14509,862,1260,276,200,1937,44
2022-23,9033,2976,241,59,1719,41,14069,843,1319,539,260,2144,46
2023-24,9734,3637,238,47,1641,40,15337,797,1180,402,400,2424,55
2024-25,9075,3899,230,46,1588,41,14879,707,1193,425,739,2043,75
2025-26 P,9478,3759,250,40,1587,39,15153,782,1222,481,486,2012,75
