crop_category,2017-18,2018-19,2019-20,2020-21,2021-22,2022-23,2023-24,2024-25,2025-26,is_2025_26_provisional,level
Important Crops,100.0,100.0,100.0,100.0,100.0,100.0,100.0,100.0,100.0,True,total
Food Crops,61.56,66.21,68.43,70.65,68.09,72.82,69.29,71.02,70.79,True,category
Wheat,41.41,43.09,43.63,44.14,40.85,44.88,43.75,43.85,44.49,True,crop
Maize,9.87,12.24,13.76,14.5,14.93,17.62,13.57,14.17,13.4,True,crop
Rice,10.28,10.88,11.04,12.01,12.31,10.32,11.97,13.0,12.9,True,crop
Cash Crop,18.92,16.47,15.92,18.08,19.12,19.46,16.79,18.15,18.74,True,category
Sugarcane,18.92,16.47,15.92,18.08,19.12,19.46,16.79,18.15,18.74,True,crop
Fibre Crop,19.53,17.32,15.66,11.26,12.79,7.73,13.92,10.83,10.47,True,category
Cotton,19.53,17.32,15.66,11.26,12.79,7.73,13.92,10.83,10.47,True,crop
