Fiscal Year,Wheat,Rice,Sugarcane,Maize,Gram,Cotton
2010-11,2833,2039,55981,3806,471,725
2011-12,2714,2396,55196,3991,282,815
2012-13,2796,2398,56466,3981,757,769
2013-14,2824,2437,57511,4233,420,774
2014-15,2726,2422,55062,4323,402,802
2015-16,2779,2483,57897,4426,304,582
2016-17,2973,2514,61972,4550,340,729
2017-18,2851,2568,62096,4718,331,753
2018-19,2806,2563,60956,4968,474,707
2019-20,2868,2444,63841,5614,528,618
2020-21,2996,2525,69534,6305,265,578
2021-22,2920,2636,70358,5762,367,731
2022-23,3118,2460,66703,6390,289,390
2023-24,3268,2711,74269,5935,262,717
2024-25,3129,2494,70611,5691,243,589
2025-26 P,3124,2660,73200,5541,331,596
