fiscal_year,urea,ammonium_sulphate,nitrophosphate,ssp,dap,sop
2010-11,1035.0,1124,2108.0,896.0,3236.0,2807.0
2011-12,1719.0,,2691.0,1260.0,4054.0,3797.0
2012-13,1799.0,,2524.0,1172.0,3902.0,3945.0
2013-14,1827.0,,2513.0,1050.0,3640.0,4233.0
2014-15,1883.0,,2584.0,1012.0,3677.0,4904.0
2015-16,1860.0,,2339.0,973.0,3343.0,5131.0
2016-17,1378.0,,1869.0,886.0,2596.0,4100.0
2017-18,1386.0,,2175.0,890.0,2882.0,3659.0
2018-19,1745.0,,2829.0,1002.0,3518.0,3945.0
2019-20,1850.0,,2695.0,1068.0,3558.0,4299.0
2020-21,1698.0,,3144.0,1249.0,4432.0,4462.0
2021-22,1913.0,,5371.0,1968.0,8227.0,7727.0
2022-23,2649.0,,6293.0,2698.0,10924.0,13589.0
2023-24,4219.0,,7335.0,2748.0,11924.0,12263.0
2024-25,4504.0,,7639.0,2912.0,12068.0,12367.0
2025-26,4327.0,,8843.0,3256.0,14075.0,12130.0
