area_name,geographical_area,reported_area,forest_area,not_available_for_cultivation,culturable_waste,total_cultivated,current_fallow,net_area_sown,sown_more_than_once,total_cropped,agriculture_land,arable_land,uncultivable_area,year
Total ,79.61,57.99000000000001,4,23,8.25,22.740000000000002,7.1,15.64,7.909999999999999,23.55,34.99,30.990000000000006,35.25,2015-16
Punjab ,20.63,17.520000000000003,0.48,2.93,1.56,12.55,1.88,10.67,6.37,17.04,14.590000000000002,14.110000000000001,4.970000000000001,2015-16
Sindh ,14.09,14.080000000000002,1.03,6.32,1.6,5.13,2.51,2.62,0.98,3.6,7.760000000000001,6.73,8.950000000000001,2015-16
Khyber Pakhtunkhwa,10.17,8.34,1.32,3.92,1.23,1.87,0.57,1.3,0.55,1.85,4.42,3.1,6.470000000000001,2015-16
Balochistan ,34.72,18.05,1.17,9.83,3.86,3.1900000000000004,2.14,1.05,0.01,1.06,8.22,7.050000000000001,14.86,2015-16
Total ,79.61,58.010000000000005,3.91,22.89,8.36,22.85,7.200000000000001,15.65,7.4799999999999995,23.13,35.120000000000005,31.21,35.16,2016-17
  Punjab ,20.63,17.52,0.48,2.89,1.55,12.6,1.98,10.62,5.87,16.49,14.63,14.15,4.92,2016-17
  Sindh ,14.09,14.08,1.03,6.25,1.61,5.1899999999999995,2.51,2.68,1,3.68,7.83,6.8,8.89,2016-17
  Khyber Pakhtunkhwa,10.17,8.36,1.24,3.92,1.34,1.8599999999999999,0.57,1.29,0.6,1.8900000000000001,4.44,3.2,6.5,2016-17
  Balochistan ,34.72,18.05,1.16,9.83,3.86,3.2,2.14,1.06,0.01,1.07,8.22,7.0600000000000005,14.85,2016-17
Total ,79.61,58.019999999999996,3.91,22.95,8.25,22.910000000000004,7.15,15.760000000000002,7.77,23.53,35.07000000000001,31.160000000000004,35.11,2017-18
  Punjab ,20.63,17.54,0.48,2.95,1.47,12.64,1.87,10.77,6.16,16.93,14.590000000000002,14.110000000000001,4.9,2017-18
  Sindh ,14.09,14.07,1.03,6.25,1.61,5.18,2.53,2.65,1,3.65,7.82,6.79,8.89,2017-18
  Khyber Pakhtunkhwa,10.17,8.36,1.24,3.92,1.34,1.8599999999999999,0.57,1.29,0.6,1.8900000000000001,4.44,3.2,6.5,2017-18
  Balochistan ,34.72,18.05,1.16,9.83,3.83,3.2300000000000004,2.18,1.05,0.01,1.06,8.22,7.0600000000000005,14.82,2017-18
Total ,79.61,58.03,3.91,23.59,8.27,22.259999999999998,7.130000000000001,15.129999999999999,7.52,22.65,34.44,30.53,35.769999999999996,2018-19
  Punjab ,20.63,17.54,0.48,2.95,1.51,12.6,1.93,10.67,6.01,16.68,14.59,14.11,4.94,2018-19
  Sindh ,14.09,14.08,1.03,6.89,1.6,4.5600000000000005,2.37,2.19,0.9,3.09,7.19,6.16,9.52,2018-19
  Khyber Pakhtunkhwa,10.17,8.350000000000001,1.24,3.92,1.32,1.87,0.61,1.26,0.6,1.8599999999999999,4.430000000000001,3.1900000000000004,6.48,2018-19
  Balochistan ,34.72,18.060000000000002,1.16,9.83,3.84,3.2300000000000004,2.22,1.01,0.01,1.02,8.23,7.07,14.83,2018-19
Total ,79.61,58.03,3.92,23.18,8.19,22.740000000000002,6.970000000000001,15.77,8.39,24.16,34.85,30.93,35.29,2019-20
  Punjab ,20.63,17.54,0.48,3.02,1.46,12.58,1.83,10.75,6.85,17.6,14.52,14.04,4.96,2019-20
  Sindh ,14.09,14.080000000000002,1.04,6.41,1.6,5.03,2.37,2.66,0.99,3.6500000000000004,7.670000000000001,6.630000000000001,9.05,2019-20
  Khyber Pakhtunkhwa,10.17,8.34,1.24,3.92,1.31,1.87,0.59,1.28,0.55,1.83,4.42,3.18,6.47,2019-20
  Balochistan ,34.72,18.07,1.16,9.83,3.82,3.2600000000000002,2.18,1.08,0,1.08,8.24,7.08,14.809999999999999,2019-20
Total ,79.61,58.230000000000004,4.58,23.37,8.18,22.099999999999998,6.37,15.729999999999999,8.27,24,34.86,30.279999999999998,36.13,2020-21
  Punjab ,20.63,17.48,0.48,3.02,1.45,12.53,1.74,10.79,6.73,17.52,14.459999999999999,13.979999999999999,4.95,2020-21
  Sindh ,14.09,14.09,1.04,6.54,1.61,4.9,2.37,2.53,0.96,3.4899999999999998,7.550000000000001,6.510000000000001,9.190000000000001,2020-21
  Khyber Pakhtunkhwa,10.17,8.35,1.22,3.97,1.31,1.85,0.63,1.22,0.58,1.7999999999999998,4.38,3.16,6.5,2020-21
  Balochistan ,34.72,18.31,1.84,9.84,3.81,2.82,1.63,1.19,0,1.19,8.47,6.63,15.49,2020-21
Total ,79.61,57.95,4.49,23.23,8.24,21.99,6.46,15.53,8.32,23.85,34.72,30.229999999999997,35.96,2021-22
  Punjab (R) ,20.63,17.48,0.48,3.02,1.45,12.53,1.74,10.79,6.73,17.52,14.459999999999999,13.979999999999999,4.95,2021-22
  Sindh ,14.09,13.790000000000001,1.04,6.4,1.61,4.74,2.37,2.37,0.99,3.3600000000000003,7.390000000000001,6.3500000000000005,9.05,2021-22
  Khyber Pakhtunkhwa,10.17,8.37,1.18,3.98,1.39,1.8199999999999998,0.64,1.18,0.6,1.7799999999999998,4.39,3.21,6.55,2021-22
  Balochistan ,34.72,18.31,1.79,9.83,3.79,2.9,1.71,1.19,0,1.19,8.48,6.6899999999999995,15.41,2021-22
Total ,79.60900000000001,57.996633,4.509180000000001,23.226354,8.212968,22.048131,6.369924,15.678207,8.339176,24.017383000000002,47.184425000000005,30.261098999999998,35.948502,2022-23
  Punjab (R) ,20.63,17.48,0.48,3.02,1.45,12.53,1.74,10.79,6.73,17.52,14.459999999999999,13.979999999999999,4.95,2022-23
  Sindh ,14.09,13.790000000000001,1.04,6.4,1.61,4.74,2.37,2.37,0.99,3.3600000000000003,7.390000000000001,6.3500000000000005,9.05,2022-23
  Khyber Pakhtunkhwa,10.17,8.366925,1.201122,3.971755,1.372299,1.821749,0.668552,1.153197,0.580568,1.733765,3.194048,3.194048,6.545176,2022-23
  Balochistan ,34.719,18.359708,1.788058,9.834599,3.780669,2.956382,1.591372,1.36501,0.038608,1.403618,22.140377,6.737051,15.403326,2022-23
Total ,79.610172,58.300005999999996,4.508699,23.062427,8.21021,22.51867,6.366387,16.152282999999997,8.420655,24.572937999999997,62.040215999999994,30.728879999999997,35.781336,2023-24
  Punjab (R) ,20.63,17.48,0.48,3.02,1.45,12.53,1.74,10.79,6.73,17.52,14.459999999999999,13.979999999999999,4.95,2023-24
  Sindh ,14.091172,14.091147999999999,1.043125,6.231678,1.606536,5.209809,2.372989,2.83682,1.075722,3.912542,15.697683999999999,6.816345,8.881338999999999,2023-24
  Khyber Pakhtunkhwa,10.17,8.366825,1.19183,3.984084,1.378248,1.8126630000000001,0.66392,1.148743,0.576325,1.725068,9.745073000000001,3.190911,6.554162000000001,2023-24
  Balochistan ,34.719,18.362033,1.793744,9.826665,3.775426,2.966198,1.589478,1.37672,0.038608,1.415328,22.137459,6.741624,15.395835,2023-24
Total ,79.610172,58.287265000000005,3.693494,23.068386,8.200553,23.324832,7.126434000000001,16.198398,8.401234,24.599632000000003,62.017818,31.525385,34.962433,2024-25
  Punjab (R) ,20.63,17.48,0.48,3.02,1.45,12.53,1.74,10.79,6.73,17.52,14.459999999999999,13.979999999999999,4.95,2024-25
  Sindh ,14.091172,14.076968,1.04,6.231678,1.606536,5.198754,2.373012,2.825742,1.072578,3.89832,15.683504,6.80529,8.878214,2024-25
  Khyber Pakhtunkhwa,10.17,8.366937,1.192885,3.989389,1.373967,1.810696,0.661596,1.1491,0.577396,1.726496,9.740904,3.184663,6.556241,2024-25
  Balochistan ,34.719,18.36336,0.980609,9.827319,3.77005,3.7853820000000002,2.351826,1.433556,0.02126,1.454816,22.133409999999998,7.555432,14.577977999999998,2024-25
,,,,,,,,,,,,,,2024-25
,,,,,,,,,,,,,,2024-25
,,,,,,,,,,,,,,2024-25
,,,,,,,,,,,,,,2024-25
,,,,,,,,,,,,,,2024-25
,,,,,,,,,,,,,,2024-25
,,,,,,,,,,,,,,2024-25
,,,,,,,,,,,,,,2024-25
,,,,,,,,,,,,,,2024-25
,,,,,,,,,,,,,,2024-25
,,,,,,,,,,,,,,2024-25
,,,,,,,,,,,,,,2024-25
,,,,,,,,,,,,,,2024-25
,,,,,,,,,,,,,,2024-25
,,,,,,,,,,,,,,2024-25
,,,,,,,,,,,,,,2024-25
,,,,,,,,,,,,,,2024-25
,,,,,,,,,,,,,,2024-25
,,,,,,,,,,,,,,2024-25
,,,,,,,,,,,,,,2024-25
,,,,,,,,,,,,,,2024-25
,,,,,,,,,,,,,,2024-25
,,,,,,,,,,,,,,2024-25
,,,,,,,,,,,,,,2024-25
,,,,,,,,,,,,,,2024-25
,,,,,,,,,,,,,,2024-25
,,,,,,,,,,,,,,2024-25
,,,,,,,,,,,,,,2024-25
,,,,,,,,,,,,,,2024-25
,,,,,,,,,,,,,,2024-25
,,,,,,,,,,,,,,2024-25
,,,,,,,,,,,,,,2024-25
,,,,,,,,,,,,,,2024-25
,,,,,,,,,,,,,,2024-25
,,,,,,,,,,,,,,2024-25
,,,,,,,,,,,,,,2024-25
,,,,,,,,,,,,,,2024-25
,,,,,,,,,,,,,,2024-25
,,,,,,,,,,,,,,2024-25
,,,,.............................,,,,,,,,,,2024-25
,,,,,,,,,,,,,,2024-25
,,,,,,,,,,,,,,2024-25
,,,,,,,,,,,,,,2024-25
,,,,,,,,,,,,,,2024-25
,,,,,,,,,,,,,,2024-25
,,,,,,,,,,,,,,2024-25
,,,,,,,,,,,,,,2024-25
,,,,,,,,,,,,,,2024-25
,,,,,,,,,,,,,,2024-25
,,,,,,,,,,,,,,2024-25
,,,,,,,,,,,,,,2024-25
,,,,,,,,,,,,,,2024-25
,,,,,,,,,,,,,,2024-25
,,,,,,,,,,,,,,2024-25
,,,,,,,,,,,,,,2024-25
,,,,,,,,,,,,,,2024-25
,,,,,,,,,,,,,,2024-25
,,,,,,,,,,,,,,2024-25
,,,,,,,,,,,,,,2024-25
,,,,,,,,,,,,,,2024-25
,,,,,,,,,,,,,,2024-25
,,,,,,,,,,,,,,2024-25
,,,,,,,,,,,,,,2024-25
,,,,,,,,,,,,,,2024-25
,,,,,,,,,,,,,,2024-25
,,,,,,,,,,.....................................................................................................................................................................................................................................................................................................................................................................................................................................................................................................................................................................................................................................................................................................................................................................................................................,,,,2024-25
