Year,Cattle,Buffaloes,Sheep,Goat,Camels,Asses,Horses,Mules
2010-11       ,35567,31725,28086,61480,983,4678,354,170
2011-12         ,36908,32688,28448,63146,995,6764,356,173
2012-13        ,38299,33681,28755,64858,1008,4853,358,176
2013-14             4942      361      179,39743,34553,29096,66615,1021,4942,361,179
2014-15        ,41241,35580,29440,68420,1035,5034,362,182
2015-16  ,42796,6637,29789,70274,1048,5127,364,186
2016-17       ,44408,37725,30141,72179,1062,5222,367,189
2017-18       ,46083,38848,30498,74134,1075,5318,369,193
2018-19         ,47820,40004,30859,76143,1090,5417,371,196
2019-20        ,49624,41193,31225,78207,1104,5518,373,199
